Keyword,Score
roi Guillaume,0.0015630656394321771
conseils provinciaux,0.002110554740979972
Chambres françaises,0.0022516242931987698
ministère public,0.002656802346170326
droit d'enquête,0.0026807764665746883
gouvernement provisoire,0.0029531485588101185
Courrier Belge,0.0033544549957183543
ÉRUXÉLLES DIMANCHE,0.003914002127814604
conseil provincial,0.003926162925849627
général Dumoulin,0.004184835026335962
VENDREDI Onl'aboiien,0.0043160822093870335
grande naturalisation,0.006547708949406619
port d'Anvers,0.006630686477804046
garde nationale,0.00666826836526888
question préalable,0.007104941918650599
centre gauche,0.007657897486147362
Société Générale,0.00791348408355081
ouvriers anglais,0.008599537019021813
vingt-quatre articles,0.0086800680905015
roi Guillaume,0.008842060921577277
honorable président,0.008857340749027233
suffrage universel,0.009040451308244664
pouvoir exécutif,0.009166110068038604
population relative,0.009247494879173887
loi fondamentale,0.009359208257684739
Confédération germanique,0.009375771243474799
don Pedro,0.009410272025535831
L'industrie cotonnière,0.009596773223372906
garde nationale,0.009697009188429924
confédération germanique,0.00979763032945455
sociétés anonymes,0.010137834473481957
bonne compagnie,0.01015733822934507
sociétés populaires,0.010504961289463313
Roi Guillaume,0.010522196044849328
noble vicomte,0.010933456430261458
don Pedro,0.01106818131779318
l'industrie cotonnière,0.01125060165705867
d'un officier,0.011615983563547769
Guerre générale,0.011707696484527495
prince Louis,0.011726790771177557
d'une manière,0.011965989265744905
Casimir Perrier,0.011987199732936308
rue Hon,0.012093167989422353
ouvriers belges,0.012201602719722614
roi Guillaume,0.012243782097178661
den Plas,0.01241737999223095
l'instruction publique,0.012586942709301425
rue Ducate,0.012890544002533534
atlreaséa Irancs,0.013114300806269174
celte Chambre,0.013136990239423652
ptllVU.CC Ut-t,0.013159419238047068
Roi Guillaume,0.01327698907032025
Rûia tcatAÎUé,0.013393679615392205
société anonyme,0.013517112631309277
rua Honl,0.013524445873995886
général Merx,0.014021394275021514
Van den,0.014107688149383197
projets adoptés,0.01416785942088058
four Brux,0.014177086253621279
rue Ducale,0.014201445128386737
Vilain XIIII,0.01436613569942032
comité secret,0.01501217052976399
Casimir Périer,0.015107348411734573
fmnr Brutrlltn,0.015192189408255282
statu quo,0.015375288244835155
fortifier Maestricht,0.01554779595559244
Banque hollandaise,0.01569229147461427
sir Francis,0.015701539976266877
gouvernement français,0.015843037410261787
gouvernement français,0.01602115268929824
l'instruction primaire,0.01609883982316208
général Dumoulin,0.016328229669490702
chambres législatives,0.016337071355549418
Société Générale,0.01648762876837964
puis admettre,0.017013065061950314
vous avez,0.017079724988709428
section centrale,0.017092075291896987
roi Guillaume,0.01738286164959579
question belge,0.017422340278232563
tle Paris,0.017431253296249283
paix générale,0.017665548418620742
gouvernement espagnol,0.017669202408642132
d'une capacité,0.017909835104006455
BES BEPBÉSEîVÏAATg,0.018034163666222614
ministère français,0.01803525871092633
Robaulx propose,0.01814265447403207
lieutenant-colonel Huybrechl,0.018220522822146087
révolution belge,0.018233698971596837
garde nationale,0.018252438407395856
COURRIER FRANÇAIS,0.018627559539947644
père Enfantin,0.018681222095684624
nationalité belge,0.018984086409260022
Monl-Sainl Michel,0.019115526557105487
dette hollandaise,0.01938962370088628
noble lord,0.01940490504634473
Léon Simon,0.019453839967772994
Michel Chevalier,0.01948656953117077
don Carlos,0.01963841675081057
arrêté royal,0.01968639423679569
LUNDI mmÊÊÊLWÊÊÊÊÊ,0.019728099440380342
Fin courant,0.019800548511050967
contributions directes,0.019810810425851286
dit qu'il,0.020203836447080726
leçons régulières,0.020422139475550324
don Miguel,0.021123038729074558
Van Hulthem,0.02138243661469842
grand nombre,0.021699552950405095
enlrctennavecM.de Oaropnzano,0.021720808306544045
régulières d'ordre,0.021783998553257706
don Carlos,0.021884672993046236
C'est qu'il,0.022079274007694976
Van Crombrugghe,0.02224804717567454
général Dibbets,0.02255823565404159
c'est qu'il,0.022573162223686664
foi jurée,0.022588968683744035
général Gascoyne,0.022596053858634467
grand-duchéde Luxembourg,0.022723052484737202
maréchal Gérard,0.02294741129179292
second débat,0.022985560187271464
Nous nous,0.0231354930590502
l'instruction publique,0.023222547668547734
d'une société,0.02353157201891251
manière générale,0.023654259588536432
travaux publics,0.024148494548070974
nouveau tarif,0.02421028889189036
parce qu'il,0.024650408436988368
Fin courant,0.024806862196961668
Don Miguel,0.024905193237783018
citadelle d'Anvers,0.025245986014494952
Chambre attend,0.025261669508103976
Zwyn appartenaient,0.02551317765596124
cetle Chambre,0.025543732792548846
Casimir Périer,0.025662385760466606
province d'anvers,0.02567565640968432
l'école militaire,0.025786099370609245
Belgique n'est,0.0258273559511986
liberté communale,0.02588834485811762
lois exceptionnelles,0.026047302997013393
parce qu'il,0.026057915786449767
gouvernement anglais,0.02606070230920625
CONGRÈS NATIONAL,0.026120626911061092
commission d'enquête,0.026268547521883154
celte politique,0.026461059953643576
parce qu'il,0.0264791672472329
crise financière,0.026648102168354934
marine marchande,0.02679498253584773
fin courant,0.0269921130861837
ouvrier belge,0.02705236627898348
France serait,0.027609969504229885
gouvernement représentatif,0.027832404535957325
section centrale,0.028232066134318112
GARDE CIVIQUE,0.02823723477442881
DISCOURS PRONONCÉS,0.028278616337124293
dit qu'il,0.028507531930239874
juridiction militaire,0.028587372780195772
rue Ducale,0.02868468924907627
Théophile Gautier,0.028733362545319184
gouvernement militaire,0.02877377958503394
conseil communal,0.028876107937496138
conseil provincial,0.028909793999583266
représentans île,0.02922237701515057
l'administration communale,0.029321402097177512
d'une guerre,0.02942205244662852
Pays Bas,0.029684757291550054
prêter serment,0.029699847192903108
ports autrichiens,0.029795049441716865
révolution belge,0.02979519461255282
juge naturel,0.029953151046628195
juges naturels,0.029953151046628195
division militaire,0.03003574545628492
système politique,0.030065797958646702
sieur Lorient,0.030318428891094984
l'Association belge,0.03033992047142
droits politiques,0.030347272629681125
rue Durile,0.030384148628678363
lei lettres,0.03050418674870131
eue adreaié,0.03050418674870131
Roi qu'il,0.030695823782951454
Confédération germanique,0.030701214800505208
Belgique eut,0.030756136121114247
question territoriale,0.030818789560553984
Diète germanique,0.030826025829772865
voyageurs civils,0.03094422451140061
d'une manière,0.03142303342438171
celte Chambre,0.03151330904993559
tle Venloo,0.03175518307226657
NOUVEAU MINISTÈRE,0.03180625378977783
Victor Hugo,0.031936188241236715
L'empereur Nicolas,0.032150362201433205
garde civique,0.03240921997829405
COURIER ANGLAIS,0.032977537227563046
l'association nationale,0.03309522060907306
chef d'escadron,0.03328139176169854
Guillaume aurait,0.033282549634111334
gardes nationales,0.0333413418263444
bon sens,0.033511603658732306
ouvriers français,0.033558089575318674
Belgique pacifique,0.033830235011717884
demande qu'il,0.0338651515945746
d'une route,0.03404437165816808
J'ai dit,0.03407392337730689
convention préliminaire,0.034133575396735914
qu'il ait,0.03418208870096848
roi Guillaume,0.0342269602873208
grands pouvoirs,0.034231680844345996
l'administration centrale,0.03445498141975643
âpre persévérance,0.03451738506611094
Roi Léopold,0.03459656563052393
l'instruction moyenne,0.034663927956496775
l'industrie cotonnière,0.034683485080014405
parce qu'il,0.03473143143396043
bon marché,0.03485064949515715
Fin courant,0.035094906422178974
d'un crime,0.03510056956495925
Cinquante-neuf projets,0.035177654859912234
congrès national,0.03519942337217497
Karowka esl,0.03522877873469851
libéralisme allemand,0.0352525574197856
société démocratique,0.03525967336362923
ruine d'Anvers,0.035345601731293995
grandes puissances,0.03565077190822224
peur l'étranger,0.035702446973811156
crime militaire,0.03591478594765162
général Hurel,0.03593783866813088
France Klle,0.035941663443686045
droits héréditaires,0.03602568029797911
cabinet français,0.03605579991780061
dans tles,0.03607063081887666
hommes qu'ils,0.03630435532258307
BRUXELLES DIMANCHE,0.03649170167649587
parce qu'ils,0.03649883909641265
général Goblet,0.03661415646553577
l'administration financière,0.03678720812039549
rue Blouta,0.03686799168665591
marine française,0.03693856563112849
d'hni Gand,0.03706255274596733
conscience publique,0.037177853840045176
Onl'aboiien rue,0.03721528880380481
révolution belge,0.03748674472825104
ireut étxe,0.03749739033802749
lord Ponsonby,0.03763424386973421
officier supérieur,0.03764239844484725
amis politiques,0.03764880643529509
guerre générale,0.03784464330985274
prince Léopold,0.03785981797849948
Est-il vrai,0.037879698819842426
Robert Wilson,0.03799222867790079
celte France,0.038142750673640105
garde nationale,0.03830142201569549
nouveau traité,0.038324453525064014
France esl,0.03844293382873597
d'une armée,0.038888310200278935
don Pedro,0.039035138052657084
intérêts matériels,0.03923358662227973
Représentants ele,0.03939374984729863
Carlos puisse,0.039453050797062614
L'instruction religieuse,0.03961398251313509
ministère Dupin,0.03991268679623347
cetle loi,0.03992347939741421
roi Guillaume,0.03997515061091635
qu'il n'est,0.040056962246908544
l'instruction publique,0.04047853796680941
élections nobiliaires,0.04068681487783064
Courrier belge,0.04069675907122341
brick noir,0.040748402736201374
d'une crise,0.04076536133795019
parce qu'il,0.04076901490668267
séance royale,0.04078420330360112
sieur Pescatore,0.04083763700888717
qu'il s'est,0.04104830019507928
Roi Guillaume,0.04114678069062063
petits états,0.04119307350832828
cens d'éligibilité,0.041342413948393435
Sociétés modernes,0.04139338836363648
affaira étrangères,0.041404513245446486
grande guerre,0.04143439479850799
Luxembourg wallon,0.041630982537440846
tle Theux,0.041739461578885396
vainement ailleurs,0.04174242026652315
POLITIQUE ANGLAISE,0.04188899229032108
l'instruction primaire,0.041904563585086284
roi Guillaume,0.041944727413408114
auraient cherchés,0.042012417908145576
cherchés vainement,0.042012417908145576
l'Assemblée Constituante,0.042053534068354805
d'une guerre,0.042121760341173875
conseils communaux,0.04213415944545962
gouvernement national,0.04218201990741582
sieur Thorn,0.04220471077038982
population absolue,0.042279303151915505
d'une commune,0.04236417075155291
Chambre serait,0.04240782303283621
troupes françaises,0.04244978584809109
Louis Napoléon,0.042463308226199106
grands principes,0.0424664492893217
loniber ela,0.04263431219151577
ela lis,0.04263431219151577
Belgique politique,0.042747796667919336
qu'il parait,0.04276080278131566
ministère Soult,0.04312957251700321
ministère Guizot,0.04321754551959537
troupes françaises,0.04329927682589246
j'ai élé,0.04335468809188495
Confédération germanique,0.043377599468803534
princesse Doria,0.04342599841458815
Belgique Etat,0.043508750925200346
tle juillet,0.04359619966178427
souverain légitime,0.0436663937616629
soyons justes,0.04367026686996022
nation Songez-y,0.04376475965692063
Belgique d'une,0.043855843052020275
Chambres belges,0.043931559015861404
abonne rua,0.04402492918738945
sauraient obtenir,0.04402507658099596
Conférence qu'en,0.044039909640985635
droit public,0.044228431162128025
d'une intervention,0.044264351989388766
qu'il devait,0.044406040971474166
triste succès,0.044450682514732755
succès d'entraîner,0.044450682514732755
peuple belge,0.04470878156518528
miss Pringle,0.04477363783705264
monarchie constitutionnelle,0.04480998989853151
d'un conseil,0.044897142358133524
Francis Burdelt,0.04491978186165608
dignité nationale,0.044964789476368436
CHAMBRE BELGE,0.044972850082918944
L'INDÉPENDANT INTERIEUR,0.04509754063426234
société civile,0.04516175930262993
grandes puissances,0.04517934403316686
qu'il faut,0.0451947382597003
question luxembourgeoise,0.04521257048223596
marché intérieur,0.045309095614206554
affaires étrangères,0.04536121653299034
l'ancien Courrier,0.04559207200539034
cenlre gauche,0.04575855340671086
ItMNk dcMguc,0.04592557387297253
Robaulx demande,0.04598582215197097
à'sa maison,0.04621848007716929
section centrale,0.04628216814233643
seclionssont convoquées,0.046307095641640546
convoquées pour-ce,0.046307095641640546
pour-ce matin,0.046307095641640546
instruits gratuitement,0.046313451666260934
blâme coninjdiclohe,0.04639955959229001
roi Guillaume,0.046405599025476876
liberté d'agir,0.04645071542645681
paix générale,0.04649228236511151
conseiller sortant,0.04653095550817839
l'intervention directe,0.04653536307324905
grand mal,0.04656132158555351
associations politiques,0.04661061006862458
conseil communal,0.04664139153275433
forces navales,0.046751099941910464
qu'il faut,0.046866740471605405
clergé catholique,0.04688589387351357
qu'a imprimé,0.047050752321330054
rentre alors,0.04707563539377089
d'il général,0.04707563539377089
avez renvoyée,0.04707563539377089
France Nouvelle,0.047284560986503105
roi Guillaume,0.04737367887913464
Prosper Enfantin,0.04737920748238795
plénipotentiaire belge,0.0473924691093234
peur l'étranger,0.047417972341257615
tle l'instruction,0.047423131597040556
J'ai déjà,0.04747516144754048
lois fondamentales,0.04758024772553222
JARDIN ZOOLOGIQUE,0.047733230274136715
Couronne qu'ils,0.04775686046107117
ïiUllfll ffl,0.04777044949828977
loi fondamentale,0.04778644483508306
noire révolution,0.04779635845778925
celte brochure,0.04839109772640475
jusqu'à présent,0.04846451744210647
congrès belge,0.04848808516290652
loi nouvelle,0.04860174604376964
tle siège,0.048634276273963495
parole politique,0.04867963379846373
Lebeau dit,0.048695960161129065
d'officiers français,0.04869902642343683
qu'il esl,0.048706115419308194
service dos,0.048710998572296986
clergé voisin,0.04881808798278779
eut eue,0.04882324098379317
eue adressés,0.04882324098379317
adressés francs,0.04882324098379317
général Tabor,0.048828896080411945
section centrale,0.048918243697127085
celte industrie,0.048927872067267494
l'honorable député,0.04896567869608013
chasseurs volontaires,0.04900823908512704
ouvriers n'est,0.04916819480183721
d'une banque,0.049208376838364466
peuple allemand,0.049298329929593605
d'un journal,0.049336229698959524
jamais vous,0.049421339072351515
don Miguel,0.04951054060655157
Cheval Blanc,0.049590352988429585
affaires étrangères,0.04976577510032335
services éminens,0.04980075349451726
gouvernement français,0.04992131487068827
France sait,0.05017737420928987
Odilon Barrot,0.05022143205125382
vingt-quatre articles,0.05024309811339766
d'un ministère,0.050417387370600614
d'un peuple,0.05043148969806664
Belgique aurait,0.05046120721242808
c'est qu'il,0.05064558394795541
nation belge,0.05071142123845737
roi Guillaume,0.05103946253636898
m'assurait qu'il,0.05120710406418103
l'honorable préopinanl,0.0512628344812616
Jamme bourgmestre,0.05134550963911485
d'une Chambre,0.051361466713066274
France esl,0.05139603757699678
minislre plénipotentiaire,0.05142342021430079
New-York s'offraient,0.05142435755096438
lord Grey,0.051541267607492586
courrier chargé,0.051565148329138284
lieulenant-colonel Buybrecht,0.05174095747469168
Belgique qu'il,0.05184181074872734
faire faire,0.05187391460603714
France pouvait,0.05194803705441491
Diète germanique,0.052110469840585545
Vilain Xllll,0.05214986940915829
c'est qu'il,0.05217320360095097
l'amnistie esl,0.05227848301509546
d'une ratification,0.05248320910681999
Talleyrand fut,0.052502733837349
croit nécessaire,0.05254502833756717
croit favorable,0.05254502833756717
gouvernement hollandais,0.052548847530108175
conseil autorise,0.05256433054166476
J'ai dit,0.05266477521041048
qu'il faut,0.052679622383059246
l'armée française,0.052754836939314306
Belgique seule,0.05286325775185369
peuple Belge,0.052991222125088215
question belge,0.05300050386305691
droits politiques,0.05305164642975387
ministères publics,0.05313604692340652
provinces puisqu'elles,0.05319673900911684
gouvernement belge,0.05342451008166328
Roi grand-duc,0.053512195884207796
brave Luxembourgeois,0.053657432488684195
Don Carlos,0.053680513413842515
d'une Chambre,0.053740187786749986
Verstolk Van,0.053875906154275406
dis qu'il,0.05389554488359143
garde nationale,0.053925115439811246
Irnmperles Chambres,0.053944368582623026
J'ai dit,0.05395324477289346
crédits provisoires,0.05415210103712038
seconde chambre,0.05423902683925505
Van Soelen,0.05424516392906289
Belgique dans,0.054306403735885106
gardes nationales,0.05434823931955303
garde nationale,0.05434823931955303
jour jour,0.05445445013359527
Roi qu'ils,0.054657948767165496
conseil provincial,0.054739520017997256
propose d'ajouter,0.05503204524701321
commandant supérieur,0.055035942853224204
d'un peuple,0.0550408241268441
faire naître,0.05510615259246457
révolution s'est,0.055199736018389796
qu'il faut,0.05532141984817384
Reschild Pacha,0.05532986524729822
libertés publiques,0.055425057416584905
détendre àfec,0.055480320227693475
àfec vigueur,0.055480320227693475
mesures convenables,0.055480320227693475
qu'il esl,0.05553213874310348
noire politique,0.055565312692831194
l'armée russe,0.0555688741066065
hier soir,0.05560544442747316
banque d'Angleterre,0.05580817787996111
j'ai élé,0.05585087925361169
gouvernement français,0.0558880274257052
session véritable,0.0558917100228974
maréchal Gérard,0.05599072405802651
Dorval c'est,0.056020491981894675
COMTE POZZO,0.05608217409633654
cetle chambre,0.056095207194884436
qu'il vient,0.05609942370500211
prince Léopold,0.05609969755770678
affaires étrangères,0.05614311218164931
Belgique libre,0.056419406608820326
port d'Anvers,0.05646879424425259
c'est qu'il,0.056526739947983067
politique qu'il,0.056583452494644894
Gazette d'état,0.056640465609898355
refusé l'intervention,0.05664816972022986
siège d'Anvers,0.056651414104577406
Gand n'est,0.05667200759549912
affaires étrangères,0.05667886725836827
l'instruction l'instruction,0.05675505062042743
d'un service,0.05688345835302559
gouvernement français,0.057080035619742266
n'ai point,0.0570953037842001
plus grand,0.05716720124832627
Nous tenons,0.057253408812799056
J'ai dit,0.05732189629323962
prérogative royale,0.05736516256452059
comte Hardegg,0.05736664794275441
Belgique qu'on,0.057417530598125266
révolution française,0.05750980869929106
d'une nouvelle,0.05756616231815828
bateaux fcra,0.05764124081656265
Belgique libre,0.057720475364457534
celte chambre,0.057753906999672
Celte nouvelle,0.05779982695783056
qu'il aurait,0.05781742831148221
Belgique serait,0.05789768894751319
gouvernement hollandais,0.05800290346726705
d'un syslème,0.058033610302234674
quadruple alliance,0.058044005911622044
gouvernement provisoire,0.058158704978122186
semble qu'on,0.05824905669436415
Belgique indépendante,0.058268760082267786
d'une Belgique,0.058285017889342365
Belgique qu'elle,0.058298972485611944
d'une semblable,0.058364496373576706
général Grabinski,0.05836467663512347
mai qu'il,0.058486403950020846
d'une guerre,0.058493212717726784
noblesse russe,0.05869077925989733
s'est trouvé,0.05875146789790861
Belgique Padopla,0.05878062988986728
d'un Roi,0.05879098342486895
d'une conflagration,0.05883044817177647
nouveau cabinet,0.05883539303494333
cabinet nouveau,0.05883539303494333
droit d'association,0.058858445621029154
fin cour,0.05889187816941581
qu'il fallait,0.05903294688996714
officiers belges,0.05919384752250464
risques d'une,0.059237898393102444
officiers français,0.05923910111114461
chambre esl,0.059302439386636964
qu'il faut,0.0593041683222754
port autrichien,0.05959009888343373
salut qu'ils,0.05963273947514079
qu'ils auraient,0.05963273947514079
Victorine Hugo,0.05976959909204514
Olinde Rodrigues,0.059784082305444665
Gendebien demande,0.059970701391886344
Robert Peel,0.06001864558736202
j'ai dit,0.06026189806385908
Belgique serait,0.06030235589105578
Société Nationale,0.06031199892502118
d'autres industries,0.06036799944514736
grade qu'il,0.060401142847580025
million fut,0.06043073022880107
los renten,0.06043593013374976
d'un crime,0.060488213802513555
secours indirects,0.06051225096460154
l'armée belge,0.060605238303869005
roi grand,0.0606886495281153
prince Napoléon,0.06081940669488142
vent dans-la,0.06083359001689356
d'une capacité,0.06092683888360355
guerre générale,0.06096243456826444
Conférence aurait,0.060982565770947496
lord Palmerston,0.06130772645407437
jouissaient autrefois,0.061498121585041775
avons dit,0.061530360414051855
qu'ils n'ont,0.06154983141211361
France nouvelle,0.061624975810480286
cabinet français,0.06163414626050137
veut plus,0.061648236041346914
Chateaubriand n'est,0.0616761019211893
avez protesté,0.061702726019818695
question préalable,0.06176856124924501
gouvernement provisoire,0.06196069020422816
majesté impériale,0.06198999673331007
Van Meenen,0.06207218736607943
Confédération Germanique,0.062123152459464454
Mercure Belge,0.062178121710712
grand brick,0.06218639273260343
droit d'entrée,0.06223629407794541
Démocratie nouvelle,0.06226045787736532
Nothomb d'avoir,0.06245824639095236
chef Karowka,0.06249976814577922
rive gauche,0.06253968077005366
jeune prince,0.06255396961958748
révolution belge,0.06258367102552471
faudrait-il vouloir,0.06265535327827686
employés supérieurs,0.06280498976437637
peuple espagnol,0.06288621996641562
projet d'adresse,0.06294401935911548
tle Maestricht,0.06295598002136216
Union écrit,0.06298942743895847
politique extérieure,0.063011266620608
qu'à Gand,0.0630562758282975
qu'il n'est,0.06309988750890942
dissolution n'est,0.06312273362172438
amis politiques,0.06318141161675135
qu'en France,0.06318258656456947
provinces belges,0.06322470057957835
n'est point,0.06326806595050109
cabinet français,0.0634425059465441
déclaration prescrite,0.06346452698036095
Ion Miguel,0.06358975403715018
c'est l'industrie,0.06365912275853847
mais tle,0.06370161319407219
officiers chargés,0.06395194024560792
décret fut,0.06410841732158694
Roi absolu,0.06412792066568651
tm.eXa chnrgeirésutiant,0.06412813664719993
syndicat d'amortissement,0.06412813664719993
pur aminée,0.06422032910645194
vieux créole,0.06450114025156048
dispositions uarliculières,0.06454062265035654
uarliculières relatives,0.06454062265035654
pouvoir politique,0.06460019499798393
d'une guerre,0.06461891228559305
d'une manière,0.0646602265100684
l'avait sifflé,0.06475962748157882
gouvernemens constitutionnels,0.0648088773181734
nouvelles politiques,0.06482315475962791
déclare qu'il,0.06485641439591212
mais qu'il,0.06499754882045028
crois qu'il,0.06501073968716133
France Charles,0.06503397984188294
droits qu'on,0.0650816754493069
c'est liberté,0.06513930254726104
ville appelante,0.06522695180783998
botanique tle,0.06523200744731279
pouvoir central,0.06526347619137456
bonne foi,0.06531646829213053
pêche maritime,0.06537545821834169
principe monarchique,0.06544048205653488
garde civique,0.0654428618852754
amis politiques,0.06545227283127907
dit qu'il,0.06556313108403904
l'Académie royale,0.06559245492660598
C'est parce,0.06562447738995413
d'un refus,0.0656354598618143
navires d'une,0.06571208882034471
sir Burdell,0.06592069036268358
roi Léopold,0.066174846753364
ici toul,0.06626489588855151
d'un délit,0.06627000391894841
Liège qu'il,0.06628652677548291
poisson frais,0.06635535571405923
hommes politiques,0.06641865203275056
Dona Isabelle,0.06653752196494736
lord Pousomby,0.06667151088766128
droits différentiels,0.06675448855010717
Chambre esl,0.06680683052549824
Courrier belge,0.06683073459073954
don Pedro,0.06688129016997504
l'honorable député,0.06702126152203366
Courrier Belge,0.0671030192256931
Convention nationale,0.06714973106820829
gouvernement belge,0.06715030722180804
l'industrie nationale,0.06722543180392497
d'un grand,0.06729776552075734
Four Bruxelles,0.06734415175664052
qu'il faut,0.06736792600100032
cru qu'il,0.06740139553902265
tarifs précédents,0.06741151566910315
affaires étrangères,0.06749069870681579
nom belge,0.06759115885295444
Conférence qu'on,0.06759728092592329
don Basilio,0.06760354077281537
d'une paix,0.06767889805783271
séance esl,0.06771935991911912
l'autocrate russe,0.06777071552353853
jeune homme,0.06784136695391714
droit d'amnistie,0.06787073598770076
commerce d'Ostende,0.0678750108269554
Chambre d'avoir,0.06789373302828196
navires belges,0.06794781285359655
pouvoir royal,0.0680364410000459
Timon fut,0.06806548758938505
qu'il avail,0.06815808460867745
France s'est,0.06823085494702034
principe d'indemnité,0.06828546807669691
affaires étrangères,0.0684354598550275
section centrale,0.06852948809271246
réforme qu'il,0.0685883572905741
Mary Hill,0.06860029956023408
d'un chemin,0.06865462374792829
faire illusion,0.06874395945695165
d'un principe,0.06878120352663236
pouvoir royal,0.06888164662565739
ORDRE PUBLIC,0.06890620400301026
droit exorbitant,0.06892693360411345
grande pêche,0.06894007079768422
présente loi,0.06894837149154924
chambre haute,0.06897474033423222
états intermédiaires,0.06909497126792934
dans-la conscience,0.06934639137316925
prince catholique,0.0694434041051029
jour appelle,0.06975800448419904
nouvelles Chambres,0.06977569821738303
Gand qu'il,0.06986631703821354
conspiration Malet,0.06992753678646037
société religieuse,0.06994492250500477
politique qu'on,0.07009510753200814
Américains n'ont,0.07012113466285089
guerre faite,0.07014779896727631
Sir Robert,0.07016694171679198
principes qu'il,0.0702572245667983
guerre générale,0.07033079080985624
l'intérêt qu'ils,0.07036774329420963
f.iur Bruxelles,0.07037099794063159
affaires étrangères,0.07037928794161126
France qu'il,0.07041775595663856
qu'il fasse,0.07044010100313969
trempe napoléonienne,0.07046759792110083
d'un côté,0.07048629363782656
Guizot qu'ils,0.07054495600893718
mais qu'elle,0.07058199635597069
qu'il élait,0.07064510256414788
politique qu'il,0.07078072052268129
tle soleil,0.07088166312276512
reçu l'ordre,0.07105731914991188
C'est l'Europe,0.07111714819606534
l'Espagne vous,0.07121915104628536
drapeau tricolore,0.07123392682376203
tricolore français,0.07127465803568711
Londres s'est,0.07129623430666644
d'une majorité,0.07129699723638332
révolution belge,0.07132872389174803
grand nombre,0.07133799113932862
dit qu'il,0.07140434297183275
Van Snick,0.07147500262766379
Cour Royale,0.0716036473295127
crédits qu'il,0.07161962383979838
responsabilité ministérielle,0.07164440368749746
droit commun,0.07177438834469174
Denis Collins,0.07198604057817636
qu'il fallait,0.07208323051762762
ASSOCIATION NATIONALE,0.07209215996025196
l'administration provinciale,0.07209374873008029
BULLETIN OFFICIEL,0.0721383831326332
OFFICIEL SANITAIRE,0.0721383831326332
puissances européennes,0.0723371991127912
qu'il s'est,0.07242253706654381
provinciaux dans,0.07245694484787361
c'est qu'ils,0.07245736024062127
Etienne Piednoir,0.07248220504062053
Sociétés n'ont,0.07251092692233524
nouveau traité,0.07251150428646247
lord Ponsonby,0.0725890916456404
d'un part,0.07259446099351932
disait Lebeau,0.07260137060900888
Lebeau disait,0.07260137060900888
droit qu'ils,0.07266737023499634
ville d'Anvers,0.07269480713531312
l'ordre judiciaire,0.07289982181220006
qu'une Banque,0.07298938796261667
demoiselle Levasseur,0.07303897184380921
ville d'Anvers,0.07309919105271949
loi électorale,0.0731705572495733
menacent Gand,0.07323232134384626
roi Guillaume,0.07323542508707792
France d'une,0.07328365691568474
d'une nouvelle,0.07331547060364575
Banque nationale,0.07336741707852712
communes plus,0.07344853585329006
séance d'hier,0.07347252237738867
Chambre esl,0.07348565807549888
Parce qu'il,0.07352470599723994
regarde Gand,0.07355144216266703
Espagne serait,0.07356718460215189
qu'il esl,0.07361189238069674
politique extérieure,0.07362824739496435
faire respecter,0.07376246859874147
centrale propose,0.07377663968913821
L'association belge,0.0739480778829873
tribune française,0.07404149946854661
grandes villes,0.0741389696792572
Négociations directes,0.07414287496298291
France d'être,0.07419162715852803
l'homme logique,0.07437438481034558
Belgique d'avoir,0.07437516534631551
Allibaut serait,0.07437606307182403
gouvernement français,0.0744230566526122
Mercure Belge,0.07446063561331952
loule société,0.07446831411987946
gouvernement français,0.0744924092987276
Code civil,0.07452410354996948
prince alors,0.07490347253567088
l'autorité judiciaire,0.07490909483501525
TRAVAUX PUBLICS,0.0749117845641819
question belge,0.07491880104773876
grand nombre,0.07501125534738273
qu'il devait,0.0750880039442973
d'autres industries,0.0751122060972296
France fût,0.07524875002119037
rolon brut,0.07527889096439809
plus d'une,0.07529293921632113
faire tle,0.07537867871687408
tle faire,0.07537867871687408
avons déjà,0.07538432108641434
service actif,0.07544180308663984
journal qu'il,0.07547247498002384
qu'il eût,0.07554486636528106
qu'il s'est,0.07557764842065968
loi dit,0.07561661158948552
Jeudi PRIX,0.07562295631874084
gouvernement esl,0.07566919311649513
Belgique n'est,0.07573757806405806
services importans,0.0757872835730135
naturalisation ordinaire,0.07589741241157855
d'un livre,0.07592353825656949
glorieuse révolution,0.0760691153656938
Bruxelles Van,0.07616158032674207
d'un seul,0.07622152075814242
question cotonnière,0.07624515276440397
France nouvelle,0.07628531304797138
êtes représentans,0.0763737953512345
gouvernement français,0.07637781025016889
l'industrie cotonnière,0.07639900683861871
section centrale,0.07641816712404151
petite naturalisation,0.0764628851120845
parce qu'on,0.07651254865526455
d'un jardin,0.076612988757733
roi Guillaume,0.07664516828065981
ÉVÉNEMENS POLITIQUES,0.07666330280995141
Timon aurait,0.07672789416951421
forts droits,0.07674266263868511
gouvernement Hollandais,0.07685095071383015
CHAMBRE FRANÇAISE,0.07701118281172158
CONGRÈS NATIONAL,0.07704430475102651
celte guerre,0.07704446918386712
général Chassé,0.07718413412966629
Van Innis,0.07733191277839249
Van Meenen,0.07733191277839249
l'abbé Grivei,0.07744228923881803
soil qu'ils,0.0774644570043262
dit qu'il,0.0774959133900683
droits qu'il,0.07750498269518168
banquiers anglais,0.07758235663380521
gouvernement qu'il,0.07765715291465343
hommes d'état,0.0777265183756008
plus sûre,0.07803209669720583
MILICES BOURGEOISES,0.07809990460742994
grand nombre,0.07834657201983183
mesures d'exécution,0.0784039187108571
j'ai droit,0.07845643051406202
bataillons d'infanterie,0.07849400632136011
gouvernement provincial,0.07867332474974606
rendre compte,0.07884468868072007
dos dépêches,0.07887947977999386
demande qu'il,0.07895029999847558
Chambre nouvelle,0.07897423480861349
arrivé hier,0.07903976633038032
peuple qu'il,0.07904944139643551
projet relatif,0.07943078869273751
C'est celte,0.07948490806997731
qu'il suffit,0.07957698716307718
Chambre n'est,0.07957971584347617
Confédération germanique,0.07970917248960303
fut point,0.07982269987000025
politiques n'ont,0.07986587170865811
congrès belge,0.07988006587927746
celte ville,0.0798873290305977
qu'il fût,0.08008295592963616
moment Madrid,0.08013043261078946
ville hier,0.08014707944881008
qu'il faut,0.0801658723450841
parce qu'il,0.08023149551723201
Hollande l'exécution,0.08023410426686711
conseil vous,0.08028898772268123
donne ici,0.08038859323480996
croire qu'il,0.08041137235804291
quadruple alliance,0.08043164074475605
l'Ecole militaire,0.08043858510627763
homme logique,0.08052780669484404
jette juridktmn,0.08057120217955495
juridktmn pol,0.08057120217955495
Iraité d'alliance,0.08058438986684295
l'amendement Hébert,0.08063389331322565
nombre placé,0.08066644162996542
dépenses d'une,0.08067130041548326
véritable loi,0.0807235866241945
parait qu'il,0.0808214624202481
lecture d'une,0.08083318559278511
gendarme Alanie,0.08086927105719655
gardes nationales,0.08088767315971686
véritable nom,0.08090244509679283
traité définitif,0.0809151603037623
nouvelles qu'il,0.08093523841520418
faudra qu'il,0.08097496054205508
goûts communs,0.0810072778533205
Belgique don,0.08108100731055903
fête communale,0.08123020015884878
grand nombre,0.08126990798982296
roi Léopold,0.08135741310711812
tlu Luxembourg,0.08147094417051097
mandat d'arrêt,0.08150595721417513
l'esprit qu'ils,0.08167943805864743
don Juan,0.08182711540083146
qu'il fallut,0.0818332663017864
c'est qu'il,0.08198748533143362
rêvé qu'il,0.08200692542075042
voir faire,0.08203893862112463
fière dévise,0.08209310757569672
l'empire turc,0.08214352280805547
signé Faure,0.08217570019202503
d'un sénateur,0.0822023153949137
mauvaise action,0.08220985760801378
faire croire,0.08233609059546577
soir Allibaut,0.0823529840569031
gouvernement provisoire,0.08238421759438534
nouveau ministère,0.08243627530054023
qu'il faut,0.0825327849159955
territoire BELGE,0.08254125498231644
régiment d'infanterie,0.08254848282527093
d'une guerre,0.08259624856936723
l'empire ottoman,0.08260250412971763
ARMÉE FRANÇAISE,0.08263081694306931
Louis Allibaut,0.08274017490988173
politique suivie,0.08277653085341495
sujet tle,0.08289275638168929
lois qu'il,0.08291380271854215
patriotes espagnols,0.08292986139176689
gouvernement anglais,0.08293214678878506
Vilain XIIII,0.08294247957136246
citadelle d'Anvers,0.08306141948295853
montrait fidèle,0.08317798810305616
PROGRÈS SOCIAL,0.08336465965140476
Verviers seul,0.08349235353782482
Lus Lvail,0.08354492518301923
dona Maria,0.08366555537682115
d'une manière,0.08369523253526778
droit commun,0.08383328020419495
France réelle,0.08387910843460444
dona Maria,0.08391766237554027
c'est qu'il,0.08395208063321082
pavillon national,0.0839829590998686
questions qu'il,0.08407004806828992
peuple belge,0.08413078275112285
peuple danois,0.08422016463948889
commission générale,0.08437169841925074
témoins qu'ils,0.08441602973296973
d'une guerre,0.08441611868214052
ville qu'ils,0.08442179653891058
dit qu'il,0.08459328247064526
c'est parce,0.08465254786383708
pleyt réparé,0.08467714597545038
grâce esl,0.08473509781579948
nommé directeur,0.0847681076712708
lei lettres,0.0847703552590945
roi Guillaume,0.08482287232502803
Gand menaçait,0.08486359435903848
n'est point,0.08491429536073285
guerre civile,0.08494885378876327
commerce autrichien,0.08502700012618487
question politique,0.0850271149556139
fia cour,0.08524382398062495
COMITÉ DIRECTEUR,0.08530658028217186
révolution belge,0.0853236534055257
Chambre aurait,0.08543636263183678
réclamations faites,0.08550221763989846
regrette qu'il,0.08555641348539689
d'une manière,0.08556262701730621
qu'il faut,0.08570496547306343
portante question,0.0857929090022661
Gendebien demande,0.08579517044493204
hier soir,0.08586733641919168
Chambre nouvelle,0.08608587774433486
n'est point,0.08616614495137087
l'état belge,0.08620417227559767
sessions précédentes,0.08621484208596968
parce qu'on,0.08623177525312602
c'est vouloir,0.08634304312064682
dit qu'il,0.08642316438041094
pairie anglaise,0.08643223262251991
ville d'Anvers,0.08648726034515147
amis qu'il,0.08654450315606727
faire face,0.08657680430069674
auguste père,0.08664987939403875
parce qu'il,0.08665250936707393
Bruxelles viennent,0.08674999798880445
proposition qu'il,0.0867678243244991
France aurait,0.08682253969987257
roi Guillaume,0.08688522955374792
parti libéral,0.08691480077090115
dona Maria,0.08695437410709653
Belgique d'accéder,0.08696879687471962
gouvernement tle,0.08698556774585937
cle France,0.08700956930106656
cédant Venloo,0.0871268678836034
Belgique sonl,0.08735157558835603
Chambre actuelle,0.08746241587353726
C'est alors,0.08762286742777108
navires nationaux,0.08762761277288077
qu'aux Flandres,0.0876470978497186
mouvement démocratique,0.08775498651077582
droits tle,0.0878061597307174
droit tle,0.0878061597307174
droits qu'ils,0.08791215159248746
principe d'un,0.08798212820336775
gouverneur civil,0.08803277692837812
fonctionnaires belges,0.08809158217657806
tles membres,0.08810572866920577
mais qu'il,0.08819809036897495
Francfort s'est,0.08821927327932125
mais d'une,0.08824293152512291
Chambre entière,0.08825848410588095
province entière,0.08826688764060658
lois générales,0.08828116261021274
ministère qu'elle,0.08836885995599297
journal qu'ils,0.08841516003042461
d'un Anghvs,0.08841809823190344
Belgique sentait,0.088431287130003
Belgique indépendante,0.088431287130003
point qu'il,0.08848645379767278
gouvernement français,0.0885742664907883
hommes d'un,0.0887993768928727
délit politique,0.08903768436395428
Courrier s'était,0.08941782993347594
France n'est,0.0894277361848585
Belgique pouvait-elle,0.0895703712632505
gouvernement français,0.0897762088258117
homme politique,0.08991244294808763
chambres belges,0.08994570016583789
Messie iscours,0.09003229130589066
qu'il fallait,0.09003642990978238
d'un prince,0.09014221139077933
Belgique compromettrait,0.09014938948808406
simple changement,0.0901920387751651
gouvernement qu'ils,0.09019555444637958
peuple belge,0.09022783273458257
c'est qu'il,0.09025235664872405
homme politique,0.09027744876960946
Gand n'est,0.09046386275848803
octobre dernier,0.09047694563538519
Belgique neutre,0.0904928701483529
Isdii Roi,0.09055521119048968
cour d'appel,0.09064756893384554
province belge,0.0907268862370449
Tabor répondit,0.09092937187126417
l'instruction publique,0.09094969811889742
Gand d'ici,0.09097850489665857
peuple belge,0.09109393650457245
projets fixant,0.09109814546992132
système prohibitif,0.09113007596576951
congrès belge,0.09116233833839124
Révolution belge,0.09123918791510358
drs ouvriers,0.0912510126209401
faire apprécier,0.0913437939359227
articles qu'il,0.0916186273741979
gouvernement belge,0.09166765474335288
France calme,0.09176987051560756
gouvernement militaire,0.0917961636782446
amis politiques,0.0918340219113359
qu'il faut,0.0918376836156682
société cotonnière,0.09188850188926559
Pologne russe,0.09195341627291768
injuste qu'il,0.09200928427294326
Vilain XIIII,0.09207134720554894
dans l'ouest,0.0921280495428867
tonneaux d'une,0.09230445107168632
Russie qu'il,0.09235063327645535
système politique,0.0923671879418343
maréchal Maison,0.09241181477257458
nation belge,0.09243226599296214
formation d'une,0.09256109555542806
ministère aurait,0.09268252696493565
qu'ils oui,0.09271436554017388
peuple polonais,0.09280141433440746
révolution belge,0.09292812915912758
Londres n'est,0.09302168552915104
tles institutions,0.09309836633523576
projets réellement,0.09309878197214064
d'un homme,0.09323462341983502
Belges grande,0.09331892196840902
Roi parce,0.09334192889257187
roi Léopold,0.09334904710023198
c'est faire,0.09336358186861701
institutions anciennes,0.0934395895755037
l'autorité militaire,0.0936197833916786
question belge,0.09370478000193043
JOURNAUX ANGLAIS,0.09371291700502021
Gautier qu'il,0.09375614006739283
Pologne n'était,0.09377625354375879
van Meenen,0.0940243358158227
qu'il parait,0.09413018450430066
principe d'un,0.09415869740754293
sieur Corremans,0.09425485132712012
qu'il faut,0.09450893679732524
Courier avoue,0.09455723662434384
Dimanche FHJX,0.09456186067349259
d'un gouvernement,0.0946300735024102
Considérant qu'il,0.09467938968509106
roi qu'il,0.09468140045002871
qu'elle vient,0.0946961069558631
septembre courant,0.09469879572640685
sous chef,0.09474589913530197
sous chefs,0.09474589913530197
Pacha d'Egypte,0.09480814772308985
qu'il s'est,0.09488263539000837
citoyens français,0.09495169080363174
grand écrivain,0.09496037467605903
Pologne aurait,0.09499531904505938
demande qu'il,0.09509682614478251
demande l'extradition,0.09513861344203355
faudra qu'il,0.09529139239955066
mais c'est,0.09533305991134162
chambres françaises,0.09543960749938649
jardins zoologiques,0.09546646054827343
derniers temps,0.09546755179326595
séance légale,0.09547394598377854
ORDRE PUBLIC,0.09550454815127311
qu'un grand,0.09558416645439062
toul recommence,0.09562103146679199
d'une conférence,0.09577987885684097
l'instruction civile,0.09587872360619658
députés belges,0.09589969315438043
gouvernement d'un,0.09605410773439152
l'ouest tle,0.09607329791724874
mai n'est,0.09608682330396108
faire partie,0.09611752187985155
mais qu'il,0.09617254290491468
ministère public,0.09618497381423823
institutions républicaines,0.096197125670073
Charles Dupin,0.09633855642037309
journaux qu'il,0.09644540066049528
Lyon devaient,0.0964948812247022
uneaulrc Banque,0.09653128586569282
France pourrait,0.0966576691382034
D'UN REFUS,0.09666773857315825
traité définitif,0.09676504112690323
tles pauvres,0.09690885115662612
pleyt construit,0.09690960674965844
gouvernement belge,0.09701449561371361
d'un pays,0.09704234541638944
discussion générale,0.09706448169285681
révolution ici,0.09710962221214256
parti populaire,0.09713937240114526
grand nombre,0.09720856234423564
qu'il s'agit,0.09724579958854217
maréchal ministre,0.09725457553272891
roi Guillaume,0.09736322758827994
France fournir,0.09756236358319892
l'un vieux,0.09756518303487445
ministère tory,0.09765307645356522
gouvernement espagnol,0.09791756356686042
d'une population,0.09795840331599225
Bruxelles n'auraient,0.09799164710575897
qu'il n'ait,0.09806751721903902
Hollande terminera,0.09821275922108767
Belgique d'abord,0.09834843401020665
tle France,0.09849550309992258
guerre générale,0.09850960119535893
maison d'Orange,0.09855304505902998
royaume uni,0.09863106445908941
d'une manière,0.09864678083362957
ministère Sébastiani,0.09875068677493547
Timon laisse,0.09878228027044451
journal français,0.09879661634017838
Timon donl,0.09880297934504517
d'un salon,0.0988756961490947
cause belge,0.09896987480574769
tle propreté,0.09920561313888891
l'instruction d'un,0.09934715095860253
France fut,0.09938495564437042
liberté religieuse,0.09940308803528196
jamais gouvernement,0.09945681430877545
France n'est,0.09946969234616082
j'ai parlé,0.09964624305204661
anciens ministres,0.09966534146960773
faire entendre,0.09986919114986013
Affaires terminées,0.09996209042933599
Lebeau dit,0.09997112337982642
Courrier n'en,0.0999836162752397
mesure qu'il,0.10000507724653619
gouvernement provisoire,0.10010767560246135
ministère qu'il,0.10019683295983957
jeune fille,0.10028822581955436
France pourrait,0.10028844903919157
nous faut,0.10039493284471696
prince Léopold,0.1004995875705775
Affaires civiles,0.10050489191051074
d'un traité,0.10051785135462415
tles villes,0.10060193103823953
qu'il fut,0.10075733893482215
prisons tle,0.10085843896045311
honorable membre,0.10088799060030076
J'ai reçu,0.10089722429397137
gardes nationaux,0.10107160396999489
Jeudi jiRIX,0.1010997880905201
Pedro continuent,0.10112363472240478
Affaires restant,0.10113720575739003
acte dit,0.10126177023207068
droit d'expulsion,0.10132918858938555
nouvelle chambre,0.10134337066251765
souffert qu'on,0.10137691101598928
qu'on attaquât,0.10137691101598928
l'agression hollandaise,0.10154441972063738
d'une pièce,0.10160978855370766
Courrier belge,0.1017108219233267
don Juan,0.10180202801688053
nouvelle loi,0.10198243829993674
Bruxelles sous,0.10225603387757728
joor Bruxelles,0.10235131384620721
loi fut,0.10241056128563264
frais tle,0.10272179983043492
avant-hier Bruxelles,0.10272308319378155
possible qu'on,0.10273213138926646
avons réclamé,0.10281582156154295
simples propositions,0.10281750141434165
tles choses,0.10282022249037726
tle chose,0.10282022249037726
France voulait,0.10289982663117787
l'opposition s'est,0.10300907022411003
politique européenne,0.10304404541457025
guerre générale,0.10306186884739092
Courier sai,0.10309883126904547
tles conséquences,0.10310751337036747
France témoignelle,0.10333150021136295
Brabant septentrional,0.10340534496163634
dit qu'il,0.10343296814180093
Madrid élait,0.10355331668066929
peuple anglais,0.10360106989376386
fin courant,0.10367719780391399
Belgique ait,0.10373839457876485
qu'il vient,0.1037476248143173
gouvernement vint,0.1037962836947633
ministère Lalliltc,0.10382254738390105
maréchal Maison,0.10389229183553114
ORDRE PUBLIC,0.10390299163072646
classes ouvrières,0.10393462606258567
loi spéciale,0.10395123910911384
lois spéciales,0.10395123910911384
ministère actuel,0.10415083809483781
libre Belgique,0.10417676318521085
gouvernement français,0.10418565614377359
marché absolu,0.10422227783328353
Malades admis,0.10445313079190352
juge d'instruction,0.10451904169476131
conviction qu'il,0.10453251824067532
Grégoire XVI,0.1045460953992988
roi Guillaume,0.1045936264327671
tle droit,0.10463176132216523
vient d'être,0.10477585507646929
faire faire,0.10487885644589205
France pouvait,0.10496627243829237
hier soir,0.10504810273678648
capitaine Anner,0.10515695152864635
fort mal,0.10529310640181475
Soult tles,0.1054325697299478
maréchal Soult,0.10557336526819373
l'armée belge,0.10561307218807892
roi s'est,0.1056962700549905
constitution l'instruction,0.10581185131991296
ORDRE PUBLIC,0.10586701416231104
Belgique jouira,0.10615682074508434
Ici liliraî,0.10626266918482268
ministère français,0.10632440917622177
liberté individuelle,0.1063939139186101
témoin garde,0.10640757908006396
témoins assignés,0.10642742490672441
courriers extraordinaires,0.10649923088273862
rue Ducale,0.10655763569207564
Gazette d'Augsbourg,0.10655939389870572
députés belges,0.10660145575724886
provinces insurgées,0.1066101811208724
tonnage total,0.1066245278959394
l'ouvrage belge,0.1067604898719096
noire pêche,0.10676846071625558
ouvrages mais,0.10696677922226042
population d'un,0.10709627584680795
parce qu'on,0.10710182525877582
rua Ducale,0.10729312483357366
Enfantin demande,0.10732743221803916
France d'une,0.10740345702596224
pouvoir exécutif,0.10742481505544052
tle parti,0.10747967440747871
d'être Belges,0.10752596391716486
général russe,0.10777775466564278
Hollande qni,0.10795861824184234
quela France,0.10803960061540333
Belgique aurait,0.10809335698980982
peuple anglais,0.10827447892018871
Santa Anna,0.1082991488998932
voix l'ordre,0.10835548547555983
Jeune Allemagne,0.10837593729794902
droits élevés,0.10842059506552486
peuple anglais,0.10852998064396623
tles frontières,0.1085858003363266
qu'il n'est,0.10860543189135383
plus fort,0.10870749152513849
ministère actuel,0.10871112847408639
gouvernement autrichien,0.1088992420760537
d'une pièce,0.10891704540154824
roi Louis,0.10903939932597448
grands navires,0.10909725515341855
gouvernement constitutionnel,0.10914111583238965
fort Bazegras,0.10929850411681569
qu'il faut,0.10942804136368367
n'est point,0.10948541842081656
dans celte,0.1095570412860277
petit nombre,0.10982264198492536
gouvernement belge,0.10992245111534096
séance d'hier,0.11002694435967654
Dignes pairs,0.11028946662313387
parti qu'il,0.11036550030034896
cetle ville,0.11051088566411443
pouvoir absolu,0.11055753290851747
Potter continue,0.11061032485201991
Pedro occupe,0.11068346968868668
d'un gouvernement,0.11109879182692971
Odflon Barrot,0.11119862942701354
gouvernement belge,0.1112978761733052
Belgique est-elle,0.11141284031542958
gouvernement représentatif,0.11157603828104304
fabricans gantois,0.11159698140067258
d'une manière,0.1117198607124151
tles chefs,0.1117445871251289
hommes qu'il,0.11184987771499577
ville Agréez,0.11185094115431614
d'un pays,0.1118734073005969
vient d'être,0.11193073871435875
cabinet autrichien,0.11202090782158557
jamais nous,0.11202728864790688
Hollande séparées,0.11267543619037064
l'instruction publique,0.11268712896026196
Four Bruxelles,0.11280002656091209
gardes civiques,0.11294893909771524
France consent,0.11296950022312059
nouveau projet,0.113098703214615
Keverberg eut,0.11330376278085855
C'est Timon,0.11333903787605229
SOUSCRIPTION NATIONALE,0.11336128211414039
majorité qu'il,0.11351749561539397
tle Mornay,0.1135737662737348
tle manière,0.11358918543130057
national qu'il,0.11383475959187732
Nous prions,0.11384056560007279
Keverberg reconnaît,0.11396575433585003
Nemours s'il,0.1141500515590094
nous écrit,0.11419352039225197
général Robert,0.11430316076276581
L'étranger pourra,0.11441806369984926
Nous avons,0.11453216792397312
malheureux Fouquet,0.11461926127832106
général Clausel,0.11464897457569574
île juillet,0.11473722509083298
nombre tle,0.11473982085938135
Fêle Dieu,0.11482033318815665
révolution qu'il,0.11496528529043945
d'une loi,0.11498281925823585
qu'ils aient,0.11504051711129412
SOCIÉTÉS KODÎRKIS,0.11521786374281369
dernier ministère,0.1153662318103164
chasseurs Niellon,0.1157039976453253
qu'il faut,0.1157130424908887
qu'ils aient,0.11589026595896708
comte Corbineau,0.11589646085447468
c'est qu'il,0.11598725716034615
nous arrive,0.11623797095381096
étxe adresses,0.11624867692375311
point qu'il,0.11631097145058467
L'assemblée veut-elle,0.11632668088605662
parce qu'il,0.1163328564995346
Correspondance particulière.,0.1164424058373888
conséquences tles,0.11651514243993427
Pologne livrée,0.11685591697697147
qu'il Fût,0.11687398093848857
session qu'on,0.1170409501671827
écoles gardiennes,0.11708790741800176
chambre actuelle,0.11719937897387037
JOURNAUX HOLLANDAIS,0.11723400225665839
nous voulons,0.11734553224327739
roi Guillaume,0.1174557910806864
nous croyons,0.117576859398451
vrai qu'on,0.11784390522824371
général français,0.11793874347610812
Courrier attribue,0.1179739920238618
liste civile,0.11798301412372457
conduite qu'ils,0.11799908868535716
courrier aurait,0.11812438961040075
qu'il s'est,0.11822785540315674
faire respecter,0.11831522593359077
d'un banqueroutier,0.11860480009174773
député élu,0.11879121854548101
qu'on veut,0.11887668664877656
nobiliaires tle,0.11892338816558072
Belgique qu'il,0.11896136737187869
brick anglais,0.11899673208833542
Courrier annonce,0.11901565460641059
Lorsqu'on établit,0.11907406798973265
tle Rayneval,0.11920463619531933
troupe blessés,0.11950183511745688
temps qu'il,0.11962711431940104
Vilain Xllll,0.11975126768673405
concession d'un,0.11986796219165705
Courrier cherche,0.11991718274533557
projet d'adresse,0.11994713529986639
ministère français,0.12006069899428666
France s'effraie,0.12015482194176921
frances qu'il,0.12018287742274604
d'une révolution,0.12041089328936853
n'est qu'une,0.1204907060780432
d'un ouvrage,0.120598074498691
nation belge,0.12065103788593044
Lyon parles,0.12104290834424457
Plus Plias,0.12107986285635293
crime d'un,0.12123844219817637
France s'est,0.12149829644071154
Lorsqu'un gouvernement,0.12163752235993752
parla Russie,0.12182275504371023
Belgique devait,0.12217735914664551
d'une commission,0.12233580126002674
baron Verstolk,0.12247206630370983
Lyon tombera,0.1225894042787203
déclaration gantoise,0.12315727246415212
Courrier attaquait,0.12334764053344986
France exigeait,0.12358309828002863
celte ville,0.12358732204408929
hommes capables,0.12377904515400011
d'une manière,0.12382314817253304
voisinent Lyon,0.12394029560877999
soldats blessés,0.12399341648110832
JOURNAL POLITIQUE,0.12400102268181447
Limbourg ous,0.12420453343565173
Celte noblesse,0.12448590594697995
France aurait,0.12485933427617388
Courrier disait,0.12486051684605118
ORSRE PUBIIC,0.12510182634081252
médecins russes,0.12516528212165562
principes qu'elles,0.12541174112253678
L'administration s'est,0.12543331368103494
Courrier prend,0.12550275750911324
garde nationale,0.12554113077584558
officiers français,0.1255852542067097
serait élu,0.12582997793048284
point qu'il,0.12635392400414142
séparent Anvers,0.12635710355406865
Jes troupes,0.1263679908090653
s'il n'est,0.127024320932933
dit qu'il,0.1272177691417
ORDRE PUBLIC,0.12748767119880342
grande guerre,0.127717722072116
qu'il s'agit,0.1277804620277242
arrivé hier,0.12800379190460598
d'une Constitution,0.1288606925131651
derniers jours,0.12930125216964242
Santa Martha,0.12935059142772734
qu'il faut,0.12952555923056774
tles élections,0.1295478119731456
rapports intimes,0.12999756925314312
n'est point,0.13023507842815354
droit n'était,0.13048182131722302
quartier général,0.13066063267160918
guerre générale,0.13117980880877028
gouvernement belge,0.13135135907739026
nous garantissons,0.1313636154894273
OBBM PUBLIC,0.13139254370149026
Chambre s'est,0.13151359424236883
France voyait,0.1325452012159539
note qu'il,0.13262291481121224
nous n'avons,0.1327951117928649
Nous désirons,0.1336529894742399
nous attendons,0.1336529894742399
avons public,0.13382378460774735
OSDRI PCEUC,0.1338289783496771
Polonais ici,0.1341496620409797
successivement adoptés,0.1342115389465055
Van Mol,0.13439428144228838
Gambart Mortier,0.13439428144228838
qu'ils Kmblent,0.13451838324801257
Café belge,0.13453680636681487
Moniteur belge,0.13464163606797386
nous rt'ions,0.13500537205799473
peuple qu'il,0.13520128565292058
loi fondamentale,0.13617446806760777
semble qu'il,0.13638743813325807
pouvoir judiciaire,0.1364933403252674
centrale propose,0.13760875790876256
reconnaître qu'il,0.13761384730725756
comte Vilain,0.13769358640665705
l'homme politique,0.1387715521069389
Lords présens,0.1388124310706501
gouvernement français,0.13943532611141274
d'une guerre,0.13973189386706836
faire part,0.13994602591467536
d'un pays,0.1401475721102708
Gambart Mortier,0.14031210817988987
faire entreprendre,0.14096788888001208
Pauvre Messager,0.14105044111080078
Bruxelles au-delà,0.1411642713263065
ministère Grey,0.14134744541866803
ORDRE PUBLIC,0.14159718595487042
Félix Avril,0.14163971701959943
lord Moiley,0.14329119746031188
lord Camperdown,0.14329119746031188
lord Melbourne,0.14329119746031188
lord Holland,0.14329119746031188
lord Manners,0.14329119746031188
France comm,0.14350768174235398
lord Grey,0.14409255289777512
lord Altborp,0.14409255289777512
lord Rothsey,0.14429411755304777
renseignemens qu'il,0.1445258754928818
mines demandeur,0.14498320767719794
lord John,0.14509726939568615
qu'il Içur,0.14509926471375156
Potter sait,0.14597154143162028
JOURNAL POLITIQUE,0.14633581325746423
Hollande tient,0.1467362529782871
rue Ducale,0.14693161126121704
l'ordre tles,0.1470663106890477
voie extraordinaire,0.1472552504654858
Potter professe,0.14859727159205843
droit d'intervention,0.14901391430844282
qu'il n'est,0.1495830000629426
point point,0.15150299788151927
ambassadeur autrichien,0.15232115504789379
Primes d'encouragement,0.15318157368086488
seconde chambre,0.15350823413293854
quitté Londres,0.1540529287095597
hommes politiques,0.1549376287603276
jour n'est,0.15515290465468815
mesures qu'on,0.15565626992069267
gouvernement sous,0.1558585929754303
ministère belge,0.15620762966546364
faire connaître,0.15754328437528498
Londres l'homme,0.15840774863914453
homme d'état,0.159117799587303
mesure nouvelle,0.15915535130229932
WDËPE NDAIVT,0.1594893477409568
Limbourg land,0.15980486945399788
système qu'il,0.1598891209785849
Londres l'arrête,0.16027745056032017
plus grand,0.16057065942556367
vingtième fois,0.16062382771722666
d'un comité,0.16070074213741634
l'abbé Bouqueau,0.16209273848559924
l'exécution qu'il,0.16342592564279979
conduite qu'il,0.1634504062886605
plus haut,0.16369554712991644
d'un jour,0.16471405518603055
catholiques belges,0.16700169400704382
lettre qu'il,0.16746590854924331
Belgique accorde,0.16797388998654633
constitution belge,0.17374752524426754
JOURNAL POLITIQUE,0.17575602702653575
